created_utc	run_id	root	chain_head	prev_chain_head	stage_environment	stage_code	stage_prereg	stage_inputs	stage_data	stage_scores
2026-08-13T20:12:20+00:00	20260813-pre-captura	8b7a8d023f9774c3b6451ac8a589effbee550e87db35cf309cd3011bb02face8	8b7a8d023f9774c3b6451ac8a589effbee550e87db35cf309cd3011bb02face8	0000000000000000000000000000000000000000000000000000000000000000	e116b39d689216d7ee6b936adc6133dd8532071fa07ce16c39fa2c379b1e543d	c0ce3aada4c4aacf14b9a7e56e6b0979c211e7dac187a034a615699d7835cc1b	1c07775cfc570cc30e4eb7e2c8206f3be29d29881722ed8f86a9b14652d8bf4d	b92e0cc557eb0875c9c3b98fd36fa4b75683858e479e4f8e6f2d0e355b903a3e	e3b0c44298fc1c149afbf4c8996fb92427ae41e4649b934ca495991b7852b855	e3b0c44298fc1c149afbf4c8996fb92427ae41e4649b934ca495991b7852b855
2026-08-13T20:17:58+00:00	20260813-captura-api	4332f4b1004551c060bd5ae06796f9a2ea26db91fa71933b28f4339697ad35d7	9a24c62c473c1705e65a0c81c881d5514514b748cca7951f738155d2fee8a566	8b7a8d023f9774c3b6451ac8a589effbee550e87db35cf309cd3011bb02face8	e116b39d689216d7ee6b936adc6133dd8532071fa07ce16c39fa2c379b1e543d	ac944fc311964d6fff952d016d4134317b38a001b048ddd968d03fe6607ff5f2	1c07775cfc570cc30e4eb7e2c8206f3be29d29881722ed8f86a9b14652d8bf4d	b92e0cc557eb0875c9c3b98fd36fa4b75683858e479e4f8e6f2d0e355b903a3e	9069d204d5ddf2029fdfa8dfb8e43b916479f72dd251e49d78c15fddeaee946a	e3b0c44298fc1c149afbf4c8996fb92427ae41e4649b934ca495991b7852b855
2026-08-13T20:23:31+00:00	20260813-captura-manual	6a472f6f67ba6b99795dc932ad6b4525db68cd53e470f9b585d24abb41424db1	5b10c20de4d6eaf2947e33c961d68b3beb2df4565bd5a2fc7d658bdb66028507	9a24c62c473c1705e65a0c81c881d5514514b748cca7951f738155d2fee8a566	e116b39d689216d7ee6b936adc6133dd8532071fa07ce16c39fa2c379b1e543d	8cba9713e979f554a35b1fb3c943bdecca3e9a30a69c8ed652b9f7c9ae27f675	1c07775cfc570cc30e4eb7e2c8206f3be29d29881722ed8f86a9b14652d8bf4d	596991e6ff15eed4bfe522bca97db9331c8c12ff354d34c38a0f8e9a9f38bfdf	ecc182802460815a1c62a9a4ee6592b7ca010d06e545687a8f2cab8f6755a12d	e3b0c44298fc1c149afbf4c8996fb92427ae41e4649b934ca495991b7852b855
2026-08-13T20:24:10+00:00	20260813-captura-manual-v2	66a75526ac7e9e4abafad79d48c4a6d51395930d09ddb8593ea360eb9eee863f	54d46808e777f058081fa552dd171ca35effff8fb7279a3cc1900cd4c6989b17	5b10c20de4d6eaf2947e33c961d68b3beb2df4565bd5a2fc7d658bdb66028507	e116b39d689216d7ee6b936adc6133dd8532071fa07ce16c39fa2c379b1e543d	8f926f2f9805e24b8ef3290b517b9c77e2c8341658b04763ee9ee456ebe0525c	1c07775cfc570cc30e4eb7e2c8206f3be29d29881722ed8f86a9b14652d8bf4d	596991e6ff15eed4bfe522bca97db9331c8c12ff354d34c38a0f8e9a9f38bfdf	ecc182802460815a1c62a9a4ee6592b7ca010d06e545687a8f2cab8f6755a12d	e3b0c44298fc1c149afbf4c8996fb92427ae41e4649b934ca495991b7852b855
2026-08-13T20:24:57+00:00	20260813-captura-manual-v3	ba93758d9391c130aa68b66205467d516bf9f54277241509ebd4ef6ae3c1b7a9	81fa35f9215ea3fee09ef8e84fca0075776449f82c38cecd75fd8f3543df249a	54d46808e777f058081fa552dd171ca35effff8fb7279a3cc1900cd4c6989b17	e116b39d689216d7ee6b936adc6133dd8532071fa07ce16c39fa2c379b1e543d	60846ac584f13dbd89f9f1cfa4e47dc0a9910029853bfe51e970a0982bb67e57	1c07775cfc570cc30e4eb7e2c8206f3be29d29881722ed8f86a9b14652d8bf4d	596991e6ff15eed4bfe522bca97db9331c8c12ff354d34c38a0f8e9a9f38bfdf	ecc182802460815a1c62a9a4ee6592b7ca010d06e545687a8f2cab8f6755a12d	e3b0c44298fc1c149afbf4c8996fb92427ae41e4649b934ca495991b7852b855
2026-08-13T20:25:23+00:00	20260813-captura-manual-v4	4d851eb32b61c453047dbbabc7ea1e185f0e4d4c71223382b9c533da37bf2fdf	783f37a79cfa016df601c83775ed5c489bc19201274f286b5c91cfbf3378c830	81fa35f9215ea3fee09ef8e84fca0075776449f82c38cecd75fd8f3543df249a	e116b39d689216d7ee6b936adc6133dd8532071fa07ce16c39fa2c379b1e543d	0deef619ebaa617d571da14497c853c803ff684f6129d1de950b807743dce6ff	1c07775cfc570cc30e4eb7e2c8206f3be29d29881722ed8f86a9b14652d8bf4d	596991e6ff15eed4bfe522bca97db9331c8c12ff354d34c38a0f8e9a9f38bfdf	ecc182802460815a1c62a9a4ee6592b7ca010d06e545687a8f2cab8f6755a12d	e3b0c44298fc1c149afbf4c8996fb92427ae41e4649b934ca495991b7852b855
2026-08-13T20:45:21+00:00	20260813-emenda01-egress	7bcbcfc1ec04810bd0c097719be24864768ab2fa4815efb7dd2b7d9498231cce	79632c14bdb4ef868c75b5bb644867c6970fe0f6b466694c35769f54b6ce58c4	783f37a79cfa016df601c83775ed5c489bc19201274f286b5c91cfbf3378c830	e116b39d689216d7ee6b936adc6133dd8532071fa07ce16c39fa2c379b1e543d	6952394d4069edae34ab1947351daf0b98bbc8ef38411d3baa572ecb4e66e381	1c07775cfc570cc30e4eb7e2c8206f3be29d29881722ed8f86a9b14652d8bf4d	5142b9ae0053f4cb3b34b462848b9f4a9c78a94c8edb2e4be3ca393d3cdce9b0	477a4cbb0575b39ee83b8796c6e4e96d81392d65a793fa432ab55ab9b3c33669	e3b0c44298fc1c149afbf4c8996fb92427ae41e4649b934ca495991b7852b855
2026-08-13T20:59:32+00:00	20260813-emenda02-objeto	2063579f3183b3df89e650f5869943f8a899978732336e6f50e03ce4a30bb35d	5735a25442972e0f2678769f0e86b0e30e55faa58132579f0520652928af26cd	79632c14bdb4ef868c75b5bb644867c6970fe0f6b466694c35769f54b6ce58c4	e116b39d689216d7ee6b936adc6133dd8532071fa07ce16c39fa2c379b1e543d	6c091b3c7f2c8534a501300fbf5f6cc7769c1c9ce676606dc0bc7e3218764e5c	1c07775cfc570cc30e4eb7e2c8206f3be29d29881722ed8f86a9b14652d8bf4d	51185a37af5c65b5e7df4d52453e9b263824530d5e0d432be6f791327cd2b5af	d1221100a76ce4e0bdd90dedd20e029d063a3b46d7a31f9bb706b63173d5ca95	e3b0c44298fc1c149afbf4c8996fb92427ae41e4649b934ca495991b7852b855
2026-08-13T21:52:20+00:00	20260813-e5-tco	7516dd7d9ac21807a1036450a5cc1a656c297f14f09d08074b3f6c7b640961a1	6dad643f8e3401a4726f9ec14e64151102c1124e94e97918a03e2061b39702ac	5735a25442972e0f2678769f0e86b0e30e55faa58132579f0520652928af26cd	e116b39d689216d7ee6b936adc6133dd8532071fa07ce16c39fa2c379b1e543d	c575b919cf4581aab2e3c194438f3a136f9356b740b64e621c6b040845d0732f	1c07775cfc570cc30e4eb7e2c8206f3be29d29881722ed8f86a9b14652d8bf4d	e085d2e9b642300343e17bf37341acfcc66e3e9b7dd68879174a6d99fd32d85b	d1221100a76ce4e0bdd90dedd20e029d063a3b46d7a31f9bb706b63173d5ca95	f51ac17fd5765b377cbb026c344ee64ee114662824e5e9922415f42e5998a673
2026-08-13T21:54:28+00:00	20260813-e5-tco-v2	0792ea9f66eb3d6b63c057254bc2a64898ea5063ea662ddeee0e6a2db7bc3919	6acfe3bb50ee891248798ed76b3c98cad079014cb886feaa7f590cbb04ba567c	6dad643f8e3401a4726f9ec14e64151102c1124e94e97918a03e2061b39702ac	e116b39d689216d7ee6b936adc6133dd8532071fa07ce16c39fa2c379b1e543d	98649ccefcf19a980fbc7f486ceefdc6cd6d3513eebca224b6d4b06f1f9d3107	1c07775cfc570cc30e4eb7e2c8206f3be29d29881722ed8f86a9b14652d8bf4d	e085d2e9b642300343e17bf37341acfcc66e3e9b7dd68879174a6d99fd32d85b	d1221100a76ce4e0bdd90dedd20e029d063a3b46d7a31f9bb706b63173d5ca95	4c047f243de4959c7c891732e94b240160b2b9c95ed3f9bafcaf390d3a4f761d
2026-08-13T22:00:03+00:00	20260813-e5-tco-v3	804233c69f032d11a1b5d8e9a42b4a2f8d5df31b608b14abcb6d5478db4a8825	11d52848ec3f670c2c178029163ba54614d6fad111ace5c650c60f472a25168a	6acfe3bb50ee891248798ed76b3c98cad079014cb886feaa7f590cbb04ba567c	e116b39d689216d7ee6b936adc6133dd8532071fa07ce16c39fa2c379b1e543d	d113c689fa092f46ec0af9c424a0370432f2538016b8ab9ce1fd6c3f1dbaa076	1c07775cfc570cc30e4eb7e2c8206f3be29d29881722ed8f86a9b14652d8bf4d	be77e242855852ae316b86dad9e3de25b1b783d792245bc7588919e167b0399d	d1221100a76ce4e0bdd90dedd20e029d063a3b46d7a31f9bb706b63173d5ca95	bd8360a64cadd1935ee7f320a0b1c281e776786bf71171d0b38647cf7a356616
2026-08-13T22:49:33+00:00	20260813-e7-figuras-tabelas	39b39eea9020dd56dee7c23a84de12c8790b0da7734c80ed8cec979495bcae1a	339c9ec77aa6373d26b94061fb561ae743f9efd3f9dc9dda7ea4947d520e3a5a	11d52848ec3f670c2c178029163ba54614d6fad111ace5c650c60f472a25168a	e116b39d689216d7ee6b936adc6133dd8532071fa07ce16c39fa2c379b1e543d	c621f28a31deded8bf7ef7ca599aefa067bd723403ff7f64c2881d0099428c71	1c07775cfc570cc30e4eb7e2c8206f3be29d29881722ed8f86a9b14652d8bf4d	d1f6f356609ef1289a289474039a17e1b11246013c5ddc31778e032d349f5a37	d1221100a76ce4e0bdd90dedd20e029d063a3b46d7a31f9bb706b63173d5ca95	10dd6ce53820ba26669689344d888392a0124aeecbcce2a980cd69d076dcd701
2026-08-13T22:58:18+00:00	20260813-e7-figuras-tabelas-v2	cd73432c281ea0a04381b39bce4386b3d82488733733d2c8a32032381482ea62	0e2533188c4b39912917c273aab819055ca66c1f1ed2febcfcd88923a65812fc	339c9ec77aa6373d26b94061fb561ae743f9efd3f9dc9dda7ea4947d520e3a5a	e116b39d689216d7ee6b936adc6133dd8532071fa07ce16c39fa2c379b1e543d	5a39fb680a5ce37155896ba489e824ea25d3fcd7006e506a5f6a5fe9433d6d89	1c07775cfc570cc30e4eb7e2c8206f3be29d29881722ed8f86a9b14652d8bf4d	d1f6f356609ef1289a289474039a17e1b11246013c5ddc31778e032d349f5a37	d1221100a76ce4e0bdd90dedd20e029d063a3b46d7a31f9bb706b63173d5ca95	10dd6ce53820ba26669689344d888392a0124aeecbcce2a980cd69d076dcd701
2026-08-14T13:24:17+00:00	20260813-e7-figuras-tabelas-v3	6b032f8d55c5e8380551856291f56756ece75a245b9393548748ba34292ef339	10763f300983d924bf7b64d8b4f8ba8d6f73246a22a13cec2b4093648d422031	0e2533188c4b39912917c273aab819055ca66c1f1ed2febcfcd88923a65812fc	e116b39d689216d7ee6b936adc6133dd8532071fa07ce16c39fa2c379b1e543d	2f396dad65a658ad31ffb5bef32408666421a98eb5096a0bb7138a698d33e114	1c07775cfc570cc30e4eb7e2c8206f3be29d29881722ed8f86a9b14652d8bf4d	ffec14fd905d998145513f0cdd06b7de1117879b3aa97ee484485faacea58652	d1221100a76ce4e0bdd90dedd20e029d063a3b46d7a31f9bb706b63173d5ca95	10dd6ce53820ba26669689344d888392a0124aeecbcce2a980cd69d076dcd701
2026-08-14T13:30:23+00:00	20260813-e7-figuras-tabelas-v4	43356f68ab7855e0170c618cdfa53b51216a6c243a1879daf2fc1862188bc530	d83115650e3f13852647aa71812f2755cd266b1ed326c2c67a35ecc59aaea1a1	10763f300983d924bf7b64d8b4f8ba8d6f73246a22a13cec2b4093648d422031	e116b39d689216d7ee6b936adc6133dd8532071fa07ce16c39fa2c379b1e543d	6df3487542e5327d5472e8e9b0d8ee1c00aea0b96c5cd8521e07dfd5af314e52	1c07775cfc570cc30e4eb7e2c8206f3be29d29881722ed8f86a9b14652d8bf4d	ffec14fd905d998145513f0cdd06b7de1117879b3aa97ee484485faacea58652	d1221100a76ce4e0bdd90dedd20e029d063a3b46d7a31f9bb706b63173d5ca95	10dd6ce53820ba26669689344d888392a0124aeecbcce2a980cd69d076dcd701
2026-08-14T13:58:41+00:00	20260814-gates-paper-v5	1c313025d5bc20ecbf0201eb3a9b3fa34ccf684627c72955a90081cd1109ea97	08ceff8df375a461b4b5c6121539532592778fc0588385e7dbc77e4e8e2f89a8	d83115650e3f13852647aa71812f2755cd266b1ed326c2c67a35ecc59aaea1a1	e116b39d689216d7ee6b936adc6133dd8532071fa07ce16c39fa2c379b1e543d	7a53509ad882c31637550188784339ba9eac99e984b8d65cf4d4937f5ace3bf8	1c07775cfc570cc30e4eb7e2c8206f3be29d29881722ed8f86a9b14652d8bf4d	ffec14fd905d998145513f0cdd06b7de1117879b3aa97ee484485faacea58652	d1221100a76ce4e0bdd90dedd20e029d063a3b46d7a31f9bb706b63173d5ca95	10dd6ce53820ba26669689344d888392a0124aeecbcce2a980cd69d076dcd701
2026-08-14T14:56:13+00:00	20260814-gates-paper-v6	3a4772351af51c17396b540a2f134816544ed5a6248c456bfda1754541e65f1a	e74370328c9b0b5cc91fdc2654398633ae4e8fbed1544ead0867105d8935f014	08ceff8df375a461b4b5c6121539532592778fc0588385e7dbc77e4e8e2f89a8	e116b39d689216d7ee6b936adc6133dd8532071fa07ce16c39fa2c379b1e543d	dfde9cafc7db5daaed9bd797efb22304fe5ff46a74004a5f764bb7eeb9004d23	1c07775cfc570cc30e4eb7e2c8206f3be29d29881722ed8f86a9b14652d8bf4d	d322b1f4d258567c3f1dcc4efcc0470cc0ec678b3e9c69763fb36694949e65c9	d1221100a76ce4e0bdd90dedd20e029d063a3b46d7a31f9bb706b63173d5ca95	10dd6ce53820ba26669689344d888392a0124aeecbcce2a980cd69d076dcd701
2026-08-14T15:14:54+00:00	20260814-numeracao-v7	43fbafa2ab712febd115530c996af06682ddcc3a97847f61603a3b6817b3297e	5581784fbbe7999a1b60c4870ea932da549e9643e532c035fd239296f2123e88	e74370328c9b0b5cc91fdc2654398633ae4e8fbed1544ead0867105d8935f014	e116b39d689216d7ee6b936adc6133dd8532071fa07ce16c39fa2c379b1e543d	cb9ca630ce85d12f87f91c6b884d8b1d4fedb859a9839ecf77d0a23de63ae034	1c07775cfc570cc30e4eb7e2c8206f3be29d29881722ed8f86a9b14652d8bf4d	d322b1f4d258567c3f1dcc4efcc0470cc0ec678b3e9c69763fb36694949e65c9	d1221100a76ce4e0bdd90dedd20e029d063a3b46d7a31f9bb706b63173d5ca95	10dd6ce53820ba26669689344d888392a0124aeecbcce2a980cd69d076dcd701
2026-08-14T16:42:29+00:00	20260814-rubrica-v8	713a160f6639696458599bc170720326cde6f92e82d2638de52b2fcae0305d5c	2d463f0b36a5252b00b6bf13c17a6eb3d09fc88d4c9e54af7b4d7841907fb163	5581784fbbe7999a1b60c4870ea932da549e9643e532c035fd239296f2123e88	e116b39d689216d7ee6b936adc6133dd8532071fa07ce16c39fa2c379b1e543d	edd41b194a66158bbf68c8f611249b17bfa37dcd822f4622f1ef20af151b95d8	1c07775cfc570cc30e4eb7e2c8206f3be29d29881722ed8f86a9b14652d8bf4d	d322b1f4d258567c3f1dcc4efcc0470cc0ec678b3e9c69763fb36694949e65c9	d1221100a76ce4e0bdd90dedd20e029d063a3b46d7a31f9bb706b63173d5ca95	10dd6ce53820ba26669689344d888392a0124aeecbcce2a980cd69d076dcd701
2026-08-14T17:03:59+00:00	20260814-export-v9	e1cc6b64bf4b99aa6d739bb98737ffbd17022b59148615a4697ab4950cb21d28	d10d81fe52870e0cc4a25a5b8232692530ec202c491037537e97a4edfd7d2f82	2d463f0b36a5252b00b6bf13c17a6eb3d09fc88d4c9e54af7b4d7841907fb163	e116b39d689216d7ee6b936adc6133dd8532071fa07ce16c39fa2c379b1e543d	18dcdbc906e295f6e04fb98961b2f9b085ca273dbec6149492557b07f3932d5e	1c07775cfc570cc30e4eb7e2c8206f3be29d29881722ed8f86a9b14652d8bf4d	d322b1f4d258567c3f1dcc4efcc0470cc0ec678b3e9c69763fb36694949e65c9	d1221100a76ce4e0bdd90dedd20e029d063a3b46d7a31f9bb706b63173d5ca95	10dd6ce53820ba26669689344d888392a0124aeecbcce2a980cd69d076dcd701
2026-08-14T17:41:28+00:00	20260814-export-v10	0262d91bfd781499902b0f1224331ada9f73cf893cc955a9272038781734bfbc	ac76079cfaa1b43e03bbedbd94befeef2ca7079ebd4bebd006b4011598be4f20	d10d81fe52870e0cc4a25a5b8232692530ec202c491037537e97a4edfd7d2f82	e116b39d689216d7ee6b936adc6133dd8532071fa07ce16c39fa2c379b1e543d	822f78e8cb5a647ee8280fbc5f043ba67b63e2c694a4fe2dc45e445e062a97b4	1c07775cfc570cc30e4eb7e2c8206f3be29d29881722ed8f86a9b14652d8bf4d	d322b1f4d258567c3f1dcc4efcc0470cc0ec678b3e9c69763fb36694949e65c9	d1221100a76ce4e0bdd90dedd20e029d063a3b46d7a31f9bb706b63173d5ca95	10dd6ce53820ba26669689344d888392a0124aeecbcce2a980cd69d076dcd701
2026-08-14T18:05:14+00:00	20260814-regra-v11	42aa55a4ee49fd8ecd054a21f2c997c0931bfd4ceb806d914f0e494f18dd4d01	b51f85d8d90481780918593970f18f62b615042036d3ae929df6aa3b323f8182	ac76079cfaa1b43e03bbedbd94befeef2ca7079ebd4bebd006b4011598be4f20	e116b39d689216d7ee6b936adc6133dd8532071fa07ce16c39fa2c379b1e543d	69194117b74fe9af710f7a46d168f8facfd81bf4dc9d405ff23d26c738bf700e	1c07775cfc570cc30e4eb7e2c8206f3be29d29881722ed8f86a9b14652d8bf4d	d322b1f4d258567c3f1dcc4efcc0470cc0ec678b3e9c69763fb36694949e65c9	d1221100a76ce4e0bdd90dedd20e029d063a3b46d7a31f9bb706b63173d5ca95	10dd6ce53820ba26669689344d888392a0124aeecbcce2a980cd69d076dcd701
2026-08-14T18:54:19+00:00	20260814-capa-v12	d213bd55e42d53c280807e7ed91e6779abc18c06ea4cac2cac4e756052eaf46b	c2a180f9a67e9a5710ca93af19b189e103c44805dfd8d2beb686c1154384270f	b51f85d8d90481780918593970f18f62b615042036d3ae929df6aa3b323f8182	e116b39d689216d7ee6b936adc6133dd8532071fa07ce16c39fa2c379b1e543d	011ecc82d38caeb52c9c70080e2773dea8e904a187a4441257311254338ef10c	1c07775cfc570cc30e4eb7e2c8206f3be29d29881722ed8f86a9b14652d8bf4d	d322b1f4d258567c3f1dcc4efcc0470cc0ec678b3e9c69763fb36694949e65c9	d1221100a76ce4e0bdd90dedd20e029d063a3b46d7a31f9bb706b63173d5ca95	e064baaf94289507a07512e25160f2843b4f7a7abc3f18be35cc30460604c465
2026-08-14T20:13:32+00:00	20260814-oracle-v13	d9a15040527cc5d5bf32955afc563e18cb018f225508eedb3fb67eb8905a3d9e	4afd12103af5a0c777d34fe96b2321165bb7c61d57487dfbc4f2e27eb3935430	c2a180f9a67e9a5710ca93af19b189e103c44805dfd8d2beb686c1154384270f	e116b39d689216d7ee6b936adc6133dd8532071fa07ce16c39fa2c379b1e543d	7ca7d65c20f21bcdfc68a12913acc0ee273e2c1585d16e705e44648547989fae	1c07775cfc570cc30e4eb7e2c8206f3be29d29881722ed8f86a9b14652d8bf4d	d322b1f4d258567c3f1dcc4efcc0470cc0ec678b3e9c69763fb36694949e65c9	d1221100a76ce4e0bdd90dedd20e029d063a3b46d7a31f9bb706b63173d5ca95	9f1f8c6b54b31dc911986de982d009531dc1016bc09cead8efab587301fe4094
2026-08-14T20:26:33+00:00	20260814-painel-v14	bf51833fa2068d69ad6c298c2ac8fa5a6e598219130abb4af9f38294c99ec86b	61be5e9cb7603689548969bd09a34ebd98845cf4bc17916bbf929dcf356ddd67	4afd12103af5a0c777d34fe96b2321165bb7c61d57487dfbc4f2e27eb3935430	e116b39d689216d7ee6b936adc6133dd8532071fa07ce16c39fa2c379b1e543d	cc538ffa55a5aa030462f3aeb062e4c4b7825f026621bfda6e71654d6dbd8d56	1c07775cfc570cc30e4eb7e2c8206f3be29d29881722ed8f86a9b14652d8bf4d	d322b1f4d258567c3f1dcc4efcc0470cc0ec678b3e9c69763fb36694949e65c9	d1221100a76ce4e0bdd90dedd20e029d063a3b46d7a31f9bb706b63173d5ca95	9f1f8c6b54b31dc911986de982d009531dc1016bc09cead8efab587301fe4094
2026-08-14T20:57:03+00:00	20260814-continuidade-v15	1486317f01be2f5a958137f7c092542e18bc6500f1c0686349257f5eb18e3b56	e87e65c74ff9ce4e186371122ce0fa2bdafa368b300968446c9c33c23678366f	61be5e9cb7603689548969bd09a34ebd98845cf4bc17916bbf929dcf356ddd67	e116b39d689216d7ee6b936adc6133dd8532071fa07ce16c39fa2c379b1e543d	a9fab987f779a19ab6c28bfdb9fe3acd79adb8493eb5dd6115472d216ad4a7e1	1c07775cfc570cc30e4eb7e2c8206f3be29d29881722ed8f86a9b14652d8bf4d	55673827a0862de5bc8b91f84c61d45d009bc62cefd7e89fbec0e9a992c1c31d	d1221100a76ce4e0bdd90dedd20e029d063a3b46d7a31f9bb706b63173d5ca95	8a39c677cdf7322899490bdad0aa6ff9bb008d8640a821768751751ce1017b13
2026-08-14T23:55:13+00:00	20260814-p0-erratas-v16	53e8e3f7594e225d11e2b61e6c0da2c04faf1a6d76c63d1859467ed5bdecc25a	d0aaa748b2471e3a48030b3d9723bf3eca26f9f559c77da253cd0d52c143520d	e87e65c74ff9ce4e186371122ce0fa2bdafa368b300968446c9c33c23678366f	e116b39d689216d7ee6b936adc6133dd8532071fa07ce16c39fa2c379b1e543d	24c0d1efcb6e60729d6c34d1f13002aa3a6aed55fb001c5d1a5607aed3e83bee	1c07775cfc570cc30e4eb7e2c8206f3be29d29881722ed8f86a9b14652d8bf4d	55673827a0862de5bc8b91f84c61d45d009bc62cefd7e89fbec0e9a992c1c31d	d1221100a76ce4e0bdd90dedd20e029d063a3b46d7a31f9bb706b63173d5ca95	8a39c677cdf7322899490bdad0aa6ff9bb008d8640a821768751751ce1017b13
2026-08-15T00:12:47+00:00	20260814-p1-centavos-refs-v17	ab3d3102f74db31abd4a97fc643a782472e08007e433c39e3162c5e6235d7129	5231d661c3a8bfe5aff54d68dc19dbe8923f25db534363bf649f8008dc1c890c	d0aaa748b2471e3a48030b3d9723bf3eca26f9f559c77da253cd0d52c143520d	e116b39d689216d7ee6b936adc6133dd8532071fa07ce16c39fa2c379b1e543d	a29ac7870b8949fec39544d92005e8c753d8bd4a8958e6ea159fae207042e8c5	1c07775cfc570cc30e4eb7e2c8206f3be29d29881722ed8f86a9b14652d8bf4d	55673827a0862de5bc8b91f84c61d45d009bc62cefd7e89fbec0e9a992c1c31d	d1221100a76ce4e0bdd90dedd20e029d063a3b46d7a31f9bb706b63173d5ca95	1895644372b2ad1c329438320a3b060186d2afa9bf6725b5c555af080e4d3b85
2026-08-15T02:15:56+00:00	20260814-r2-figuras-chamadas-v18	caa35f597fedaf26fb25f17c9ecba91a453bb9082c6b3672d8f5a2da9762b16d	2c532a4fe61274efb4ad9d312f335254d0a7540b83624dd479c9b292c550ddf6	5231d661c3a8bfe5aff54d68dc19dbe8923f25db534363bf649f8008dc1c890c	e116b39d689216d7ee6b936adc6133dd8532071fa07ce16c39fa2c379b1e543d	1ec121a9a257b3258902e1a9ff6e8694ed05d7acc7767d74426557f54a7e6559	1c07775cfc570cc30e4eb7e2c8206f3be29d29881722ed8f86a9b14652d8bf4d	55673827a0862de5bc8b91f84c61d45d009bc62cefd7e89fbec0e9a992c1c31d	d1221100a76ce4e0bdd90dedd20e029d063a3b46d7a31f9bb706b63173d5ca95	ebb0764ec25e42e2d76233c6c1a89605af60a9dcd143d3ec49783173330f91ce
2026-08-15T03:22:37+00:00	20260815-titulo-apendice-auditavel-v19	b73e5f0019b181f15fdafdea0b73395baf47b4673009bae787fe23cb380ee1b4	2614eee3e8f8d856c97d8b8c1afee2d5f5363fe614c9b6b60decf4be6341449f	2c532a4fe61274efb4ad9d312f335254d0a7540b83624dd479c9b292c550ddf6	e116b39d689216d7ee6b936adc6133dd8532071fa07ce16c39fa2c379b1e543d	f7bcdf58c6e2336f97dab30502f81c8ceaa7b063392e3f2a182d8e2b0af4cf27	1c07775cfc570cc30e4eb7e2c8206f3be29d29881722ed8f86a9b14652d8bf4d	55673827a0862de5bc8b91f84c61d45d009bc62cefd7e89fbec0e9a992c1c31d	d1221100a76ce4e0bdd90dedd20e029d063a3b46d7a31f9bb706b63173d5ca95	258d63e4dc80cc8ce6e89a64ed3ab368ee75b67c73e056b463efdb3e0cdd04bd
2026-08-15T17:10:48+00:00	20260815-apendice-b-v20	f268731e2fb01dbe38f4369e435790270448c77e9fc48fd9cbb9f1b1341bca12	81f1e54f647c5521c0b47706cadf23f30b68d68a7a1ae510150b4e2162ded49b	2614eee3e8f8d856c97d8b8c1afee2d5f5363fe614c9b6b60decf4be6341449f	e116b39d689216d7ee6b936adc6133dd8532071fa07ce16c39fa2c379b1e543d	8d877ca2b07b8634a2100e974c4cd9fcf7aa7da46900db66864c34ee59ac2ba6	1c07775cfc570cc30e4eb7e2c8206f3be29d29881722ed8f86a9b14652d8bf4d	55673827a0862de5bc8b91f84c61d45d009bc62cefd7e89fbec0e9a992c1c31d	d1221100a76ce4e0bdd90dedd20e029d063a3b46d7a31f9bb706b63173d5ca95	258d63e4dc80cc8ce6e89a64ed3ab368ee75b67c73e056b463efdb3e0cdd04bd
2026-08-15T17:17:59+00:00	20260815-apendice-b-v21	f82aacb7ebf6cb86138e80f1ecdf420a9676d33b725205686800cdf97555cce3	bcf6a403ef20a3a9d0e40568720cff4ed322bf14d7a39b1cdf93f11b421715e2	81f1e54f647c5521c0b47706cadf23f30b68d68a7a1ae510150b4e2162ded49b	e116b39d689216d7ee6b936adc6133dd8532071fa07ce16c39fa2c379b1e543d	2a221d12b45bdfaae496bb2eb94f1c287ffb698d8705868c6f7d4e97edc0476e	1c07775cfc570cc30e4eb7e2c8206f3be29d29881722ed8f86a9b14652d8bf4d	55673827a0862de5bc8b91f84c61d45d009bc62cefd7e89fbec0e9a992c1c31d	d1221100a76ce4e0bdd90dedd20e029d063a3b46d7a31f9bb706b63173d5ca95	258d63e4dc80cc8ce6e89a64ed3ab368ee75b67c73e056b463efdb3e0cdd04bd
